<isd:service xmlns:isd="http://xml.apache.org/xml-soap/deployment"
             id="urn:AddressFetcher2">
  <isd:provider type="java"
                scope="Session"
                methods="getAddressFromName addEntry getAllListings putListings">
    <isd:java class="samples.addressbook.AddressBook" static="false"/>
  </isd:provider>

  <isd:faultListener>org.apache.soap.server.DOMFaultListener</isd:faultListener>

  <isd:mappings>
    <isd:map encodingStyle="http://schemas.xmlsoap.org/soap/encoding/"
             xmlns:x="urn:xml-soap-address-demo" qname="x:address"
             javaType="samples.addressbook.Address"
             java2XMLClassName="org.apache.soap.encoding.soapenc.BeanSerializer"
             xml2JavaClassName="org.apache.soap.encoding.soapenc.BeanSerializer"/>
    <isd:map encodingStyle="http://schemas.xmlsoap.org/soap/encoding/"
             xmlns:x="urn:xml-soap-address-demo" qname="x:phone"
             javaType="samples.addressbook.PhoneNumber"
             java2XMLClassName="org.apache.soap.encoding.soapenc.BeanSerializer"
             xml2JavaClassName="org.apache.soap.encoding.soapenc.BeanSerializer"/>
  </isd:mappings>    
</isd:service>
